Date,Train_Predictions,Test_Predictions
2019-05-10,0.04473941773176193,
2019-05-11,0.04548289254307747,
2019-05-12,0.046473897993564606,
2019-05-13,0.047499872744083405,
2019-05-14,0.0490102656185627,
2019-05-15,0.05067131668329239,
2019-05-16,0.05274391546845436,
2019-05-17,0.05491343140602112,
2019-05-18,0.056952569633722305,
2019-05-19,0.05857314169406891,
2019-05-20,0.05944454297423363,
2019-05-21,0.05970710515975952,
2019-05-22,0.059672314673662186,
2019-05-23,0.05943337455391884,
2019-05-24,0.05898255109786987,
2019-05-25,0.05853814259171486,
2019-05-26,0.058053020387887955,
2019-05-27,0.05763530358672142,
2019-05-28,0.0572747178375721,
2019-05-29,0.05699818953871727,
2019-05-30,0.056651368737220764,
2019-05-31,0.056402694433927536,
2019-06-01,0.056226696819067,
2019-06-02,0.056003913283348083,
2019-06-03,0.05577533319592476,
2019-06-04,0.05563069134950638,
2019-06-05,0.05574340000748634,
2019-06-06,0.05601515248417854,
2019-06-07,0.05618852749466896,
2019-06-08,0.056278567761182785,
2019-06-09,0.05585485324263573,
2019-06-10,0.05526500567793846,
2019-06-11,0.05454223230481148,
2019-06-12,0.053789541125297546,
2019-06-13,0.05268840864300728,
2019-06-14,0.05146591365337372,
2019-06-15,0.04991782084107399,
2019-06-16,0.048297490924596786,
2019-06-17,0.04676814377307892,
2019-06-18,0.045161448419094086,
2019-06-19,0.0436398983001709,
2019-06-20,0.0423438623547554,
2019-06-21,0.041086431592702866,
2019-06-22,0.04007304832339287,
2019-06-23,0.039379410445690155,
2019-06-24,0.0388035923242569,
2019-06-25,0.03832963481545448,
2019-06-26,0.038012657314538956,
2019-06-27,0.03783769905567169,
2019-06-28,0.037914030253887177,
2019-06-29,0.03817899897694588,
2019-06-30,0.03847895562648773,
2019-07-01,0.03910139948129654,
2019-07-02,0.03989885747432709,
2019-07-03,0.040774498134851456,
2019-07-04,0.04151066765189171,
2019-07-05,0.04187333583831787,
2019-07-06,0.04183121770620346,
2019-07-07,0.04151091352105141,
2019-07-08,0.04104657843708992,
2019-07-09,0.04052866995334625,
2019-07-10,0.039930328726768494,
2019-07-11,0.03930561617016792,
2019-07-12,0.038875140249729156,
2019-07-13,0.03858853504061699,
2019-07-14,0.03841233626008034,
2019-07-15,0.038487259298563004,
2019-07-16,0.0387311652302742,
2019-07-17,0.03948219120502472,
2019-07-18,0.04060881957411766,
2019-07-19,0.04204697906970978,
2019-07-20,0.04352487623691559,
2019-07-21,0.044975705444812775,
2019-07-22,0.04610830917954445,
2019-07-23,0.046898774802684784,
2019-07-24,0.04739983752369881,
2019-07-25,0.04763760790228844,
2019-07-26,0.04762813821434975,
2019-07-27,0.04744858667254448,
2019-07-28,0.04711487516760826,
2019-07-29,0.046676155179739,
2019-07-30,0.04617637023329735,
2019-07-31,0.04541774094104767,
2019-08-01,0.044586315751075745,
2019-08-02,0.04384289309382439,
2019-08-03,0.043226879090070724,
2019-08-04,0.042754411697387695,
2019-08-05,0.04242781922221184,
2019-08-06,0.042252086102962494,
2019-08-07,0.04217001050710678,
2019-08-08,0.04233112558722496,
2019-08-09,0.04273877665400505,
2019-08-10,0.04325477033853531,
2019-08-11,0.04365663230419159,
2019-08-12,0.04376090690493584,
2019-08-13,0.04365198686718941,
2019-08-14,0.043107520788908005,
2019-08-15,0.042614225298166275,
2019-08-16,0.04172632098197937,
2019-08-17,0.04048987850546837,
2019-08-18,0.03894457966089249,
2019-08-19,0.03735923767089844,
2019-08-20,0.035733673721551895,
2019-08-21,0.03423207625746727,
2019-08-22,0.03307608142495155,
2019-08-23,0.03221842646598816,
2019-08-24,0.03164518252015114,
2019-08-25,0.03132752329111099,
2019-08-26,0.03123857080936432,
2019-08-27,0.03125317767262459,
2019-08-28,0.0313512422144413,
2019-08-29,0.031802162528038025,
2019-08-30,0.03273780643939972,
2019-08-31,0.033897776156663895,
2019-09-01,0.035052720457315445,
2019-09-02,0.03611210361123085,
2019-09-03,0.037170927971601486,
2019-09-04,0.038096435368061066,
2019-09-05,0.03887605294585228,
2019-09-06,0.03959280997514725,
2019-09-07,0.03999798372387886,
2019-09-08,0.04001966863870621,
2019-09-09,0.039762161672115326,
2019-09-10,0.03933632746338844,
2019-09-11,0.0388122983276844,
2019-09-12,0.03831777721643448,
2019-09-13,0.037895072251558304,
2019-09-14,0.03729003295302391,
2019-09-15,0.03653727099299431,
2019-09-16,0.03574448823928833,
2019-09-17,0.0350121408700943,
2019-09-18,0.03443450853228569,
2019-09-19,0.034171976149082184,
2019-09-20,0.0341622419655323,
2019-09-21,0.03426875174045563,
2019-09-22,0.03444292023777962,
2019-09-23,0.03465649485588074,
2019-09-24,0.034956883639097214,
2019-09-25,0.03665156662464142,
2019-09-26,0.039093077182769775,
2019-09-27,0.04192791506648064,
2019-09-28,0.04465522989630699,
2019-09-29,0.04687400162220001,
2019-09-30,0.04851112887263298,
2019-10-01,0.04961779713630676,
2019-10-02,0.05022254213690758,
2019-10-03,0.05025354400277138,
2019-10-04,0.04988604784011841,
2019-10-05,0.0492633692920208,
2019-10-06,0.048402007669210434,
2019-10-07,0.04745984077453613,
2019-10-08,0.04666440561413765,
2019-10-09,0.04603699594736099,
2019-10-10,0.046029407531023026,
2019-10-11,0.04643964767456055,
2019-10-12,0.04710607975721359,
2019-10-13,0.04793820157647133,
2019-10-14,0.04894467070698738,
2019-10-15,0.049965400248765945,
2019-10-16,0.050882428884506226,
2019-10-17,0.05167602747678757,
2019-10-18,0.05233084782958031,
2019-10-19,0.052683405578136444,
2019-10-20,0.052777618169784546,
2019-10-21,0.05268760025501251,
2019-10-22,0.05247340351343155,
2019-10-23,0.05217452719807625,
2019-10-24,0.051993679255247116,
2019-10-25,0.05041395127773285,
2019-10-26,0.04849391430616379,
2019-10-27,0.046386174857616425,
2019-10-28,0.04437154531478882,
2019-10-29,0.042630989104509354,
2019-10-30,0.041199635714292526,
2019-10-31,0.04012560471892357,
2019-11-01,0.03941068798303604,
2019-11-02,0.03901944309473038,
2019-11-03,0.03887142613530159,
2019-11-04,0.038914911448955536,
2019-11-05,0.03910160809755325,
2019-11-06,0.03932877629995346,
2019-11-07,0.03949422761797905,
2019-11-08,0.03961640223860741,
2019-11-09,0.03941281884908676,
2019-11-10,0.03900410234928131,
2019-11-11,0.038395147770643234,
2019-11-12,0.03770032897591591,
2019-11-13,0.03692074120044708,
2019-11-14,0.0361674539744854,
2019-11-15,0.03548751771450043,
2019-11-16,0.034978292882442474,
2019-11-17,0.03456852212548256,
2019-11-18,0.034249622374773026,
2019-11-19,0.0341561995446682,
2019-11-20,0.034282904118299484,
2019-11-21,0.03459151089191437,
2019-11-22,0.0352674163877964,
2019-11-23,0.03607768192887306,
2019-11-24,0.03703607991337776,
2019-11-25,0.03772687911987305,
2019-11-26,0.03816412389278412,
2019-11-27,0.038362257182598114,
2019-11-28,0.03842715173959732,
2019-11-29,0.03831992670893669,
2019-11-30,0.0381944365799427,
2019-12-01,0.0381019152700901,
2019-12-02,0.038038235157728195,
2019-12-03,0.03798436373472214,
2019-12-04,0.03795241191983223,
2019-12-05,0.037879735231399536,
2019-12-06,0.037859540432691574,
2019-12-07,0.0378691591322422,
2019-12-08,0.03789864853024483,
2019-12-09,0.03787532448768616,
2019-12-10,0.03781096264719963,
2019-12-11,0.037647075951099396,
2019-12-12,0.03742712736129761,
2019-12-13,0.037091657519340515,
2019-12-14,0.03667386993765831,
2019-12-15,0.036222293972969055,
2019-12-16,0.03575005382299423,
2019-12-17,0.03545833006501198,
2019-12-18,0.035588495433330536,
2019-12-19,0.03641960769891739,
2019-12-20,0.03759334236383438,
2019-12-21,0.03892037644982338,
2019-12-22,0.04003143310546875,
2019-12-23,0.04072537645697594,
2019-12-24,0.04094145819544792,
2019-12-25,0.040602751076221466,
2019-12-26,0.03992519900202751,
2019-12-27,0.039059512317180634,
2019-12-28,0.03807578235864639,
2019-12-29,0.03713487088680267,
2019-12-30,0.03626970574259758,
2019-12-31,0.03550457954406738,
2020-01-01,0.03489163517951965,
2020-01-02,0.03442779928445816,
2020-01-03,0.03420921787619591,
2020-01-04,0.034318406134843826,
2020-01-05,0.034603070467710495,
2020-01-06,0.035004060715436935,
2020-01-07,0.03562901169061661,
2020-01-08,0.03635302186012268,
2020-01-09,0.03707766905426979,
2020-01-10,0.037705179303884506,
2020-01-11,0.038264673203229904,
2020-01-12,0.03872630000114441,
2020-01-13,0.03910136967897415,
2020-01-14,0.03934962674975395,
2020-01-15,0.03980148583650589,
2020-01-16,0.04023805633187294,
2020-01-17,0.04024575278162956,
2020-01-18,0.03977271914482117,
2020-01-19,0.03904186934232712,
2020-01-20,0.03826131671667099,
2020-01-21,0.03750539571046829,
2020-01-22,0.03687475249171257,
2020-01-23,0.036319799721241,
2020-01-24,0.03602312132716179,
2020-01-25,0.035894326865673065,
2020-01-26,0.035900965332984924,
2020-01-27,0.036017417907714844,
2020-01-28,0.03618510812520981,
2020-01-29,0.036357488483190536,
2020-01-30,0.036511197686195374,
2020-01-31,0.03664208576083183,
2020-02-01,0.03678509220480919,
2020-02-02,0.03675254434347153,
2020-02-03,0.03652622550725937,
2020-02-04,0.036189351230859756,
2020-02-05,0.03584100306034088,
2020-02-06,0.03550243750214577,
2020-02-07,0.03538966551423073,
2020-02-08,0.035524800419807434,
2020-02-09,0.03583333641290665,
2020-02-10,0.03662847727537155,
2020-02-11,0.037636931985616684,
2020-02-12,0.038720760494470596,
2020-02-13,0.03973620384931564,
2020-02-14,0.04051076993346214,
2020-02-15,0.04096848890185356,
2020-02-16,0.04148802533745766,
2020-02-17,0.04195186868309975,
2020-02-18,0.04230186715722084,
2020-02-19,0.042486775666475296,
2020-02-20,0.042825981974601746,
2020-02-21,0.043181102722883224,
2020-02-22,0.04348978027701378,
2020-02-23,0.043627675622701645,
2020-02-24,0.04366741701960564,
2020-02-25,0.0437038280069828,
2020-02-26,0.04401687532663345,
2020-02-27,0.04473735764622688,
2020-02-28,0.04565862566232681,
2020-02-29,0.046630822122097015,
2020-03-01,0.04754076898097992,
2020-03-02,0.04833678901195526,
2020-03-03,0.049038320779800415,
2020-03-04,0.049599725753068924,
2020-03-05,0.05001101270318031,
2020-03-06,0.050312332808971405,
2020-03-07,0.0504193939268589,
2020-03-08,0.05031609162688255,
2020-03-09,0.05087188631296158,
2020-03-10,0.05182001739740372,
2020-03-11,0.052475277334451675,
2020-03-12,0.052785445004701614,
2020-03-13,0.05906372517347336,
2020-03-14,0.06939263641834259,
2020-03-15,0.08176169544458389,
2020-03-16,0.09429894387722015,
2020-03-17,0.10555565357208252,
2020-03-18,0.11473004519939423,
2020-03-19,0.12124218046665192,
2020-03-20,0.12594525516033173,
2020-03-21,0.12858301401138306,
2020-03-22,0.12939119338989258,
2020-03-23,0.12877243757247925,
2020-03-24,0.12733107805252075,
2020-03-25,0.1253248006105423,
2020-03-26,0.12305857241153717,
2020-03-27,0.12084383517503738,
2020-03-28,0.11878037452697754,
2020-03-29,0.11698271334171295,
2020-03-30,0.11556453257799149,
2020-03-31,0.11461467295885086,
2020-04-01,0.11408194154500961,
2020-04-02,0.11383029073476791,
2020-04-03,0.11382284760475159,
2020-04-04,0.1139926090836525,
2020-04-05,0.11425036191940308,
2020-04-06,0.11452344805002213,
2020-04-07,0.11496350169181824,
2020-04-08,0.11493609100580215,
2020-04-09,0.114665687084198,
2020-04-10,0.11426582932472229,
2020-04-11,0.11396883428096771,
2020-04-12,0.10667049884796143,
2020-04-13,0.09604307264089584,
2020-04-14,0.08443984389305115,
2020-04-15,0.07357204705476761,
2020-04-16,0.06413868069648743,
2020-04-17,0.05694793537259102,
2020-04-18,0.052125535905361176,
2020-04-19,0.04807332158088684,
2020-04-20,0.04496268555521965,
2020-04-21,0.04293213039636612,
2020-04-22,0.04164842143654823,
2020-04-23,0.04121170938014984,
2020-04-24,0.04150319844484329,
2020-04-25,0.042131759226322174,
2020-04-26,0.04283691570162773,
2020-04-27,0.043420806527137756,
2020-04-28,0.04384678974747658,
2020-04-29,0.04392657428979874,
2020-04-30,0.04374061897397041,
2020-05-01,0.04346047341823578,
2020-05-02,0.04317352548241615,
2020-05-03,0.042913611978292465,
2020-05-04,0.04274924099445343,
2020-05-05,0.042648013681173325,
2020-05-06,0.04260900616645813,
2020-05-07,0.042296167463064194,
2020-05-08,0.041807498782873154,
2020-05-09,0.041222818195819855,
2020-05-10,0.0406506322324276,
2020-05-11,0.04022771865129471,
2020-05-12,0.04005300998687744,
2020-05-13,0.03999500721693039,
2020-05-14,0.039967335760593414,
2020-05-15,0.03992895409464836,
2020-05-16,0.03977853059768677,
2020-05-17,0.039334774017333984,
2020-05-18,0.03874608874320984,
2020-05-19,0.038013532757759094,
2020-05-20,0.03724462166428566,
2020-05-21,0.03628202900290489,
2020-05-22,0.035381194204092026,
2020-05-23,0.0346379391849041,
2020-05-24,0.034057892858982086,
2020-05-25,0.033700913190841675,
2020-05-26,0.033538948744535446,
2020-05-27,0.033535029739141464,
2020-05-28,0.0336475670337677,
2020-05-29,0.03389900177717209,
2020-05-30,0.03401729837059975,
2020-05-31,0.03408189117908478,
2020-06-01,0.034143928438425064,
2020-06-02,0.034335482865571976,
2020-06-03,0.03464137017726898,
2020-06-04,0.03501589223742485,
2020-06-05,0.035396330058574677,
2020-06-06,0.035730209201574326,
2020-06-07,0.035982634872198105,
2020-06-08,0.03614946827292442,
2020-06-09,0.03622320666909218,
2020-06-10,0.0355958491563797,
2020-06-11,0.034534864127635956,
2020-06-12,0.033463943749666214,
2020-06-13,0.03247273340821266,
2020-06-14,0.03163394331932068,
2020-06-15,0.030896365642547607,
2020-06-16,0.030300123617053032,
2020-06-17,0.029837623238563538,
2020-06-18,0.02948857471346855,
2020-06-19,0.02919183298945427,
2020-06-20,0.028969282284379005,
2020-06-21,0.02868633158504963,
2020-06-22,0.028320111334323883,
2020-06-23,0.027991948649287224,
2020-06-24,0.027656670659780502,
2020-06-25,0.027364486828446388,
2020-06-26,0.02712520956993103,
2020-06-27,0.026930097490549088,
2020-06-28,0.026771077886223793,
2020-06-29,0.026681073009967804,
2020-06-30,0.026513226330280304,
2020-07-01,0.026208624243736267,
2020-07-02,0.025680800899863243,
2020-07-03,0.024966537952423096,
2020-07-04,0.02416194975376129,
2020-07-05,0.023390626534819603,
2020-07-06,0.022703511640429497,
2020-07-07,0.022383052855730057,
2020-07-08,0.022420767694711685,
2020-07-09,0.022763384506106377,
2020-07-10,0.023325880989432335,
2020-07-11,0.02401954121887684,
2020-07-12,0.024434415623545647,
2020-07-13,0.024664882570505142,
2020-07-14,0.024745458737015724,
2020-07-15,0.024737946689128876,
2020-07-16,0.02471318282186985,
2020-07-17,0.024739284068346024,
2020-07-18,0.02480238489806652,
2020-07-19,0.02487359009683132,
2020-07-20,0.025052132084965706,
2020-07-21,0.025353992357850075,
2020-07-22,0.0257148128002882,
2020-07-23,0.02605380117893219,
2020-07-24,0.02640056237578392,
2020-07-25,0.02668771892786026,
2020-07-26,0.0269392691552639,
2020-07-27,0.027148215100169182,
2020-07-28,0.027171015739440918,
2020-07-29,0.027083808556199074,
2020-07-30,0.026965633034706116,
2020-07-31,0.02682289108633995,
2020-08-01,0.026693807914853096,
2020-08-02,0.026595888659358025,
2020-08-03,0.02657952718436718,
2020-08-04,0.02672770246863365,
2020-08-05,0.026959937065839767,
2020-08-06,0.02719922922551632,
2020-08-07,0.027498425915837288,
2020-08-08,0.02783837355673313,
2020-08-09,0.02813532017171383,
2020-08-10,0.028411822393536568,
2020-08-11,0.028644725680351257,
2020-08-12,0.02906397171318531,
2020-08-13,0.029593901708722115,
2020-08-14,0.03012263961136341,
2020-08-15,0.030603677034378052,
2020-08-16,0.03093836084008217,
2020-08-17,0.03113466128706932,
2020-08-18,0.03121797740459442,
2020-08-19,0.031174486503005028,
2020-08-20,0.031079202890396118,
2020-08-21,0.030997006222605705,
2020-08-22,0.031070943921804428,
2020-08-23,0.03120790235698223,
2020-08-24,0.031380388885736465,
2020-08-25,0.031562309712171555,
2020-08-26,0.03188931941986084,
2020-08-27,0.03234799578785896,
2020-08-28,0.032875631004571915,
2020-08-29,0.03338240459561348,
2020-08-30,0.033832479268312454,
2020-08-31,0.034185390919446945,
2020-09-01,0.034388188272714615,
2020-09-02,0.03463362902402878,
2020-09-03,0.0347701758146286,
2020-09-04,0.03628208488225937,
2020-09-05,0.038451071828603745,
2020-09-06,0.04105599224567413,
2020-09-07,0.04476843774318695,
2020-09-08,0.0489257350564003,
2020-09-09,0.05301725119352341,
2020-09-10,0.05673705041408539,
2020-09-11,0.05966142565011978,
2020-09-12,0.061740659177303314,
2020-09-13,0.06336275488138199,
2020-09-14,0.06461009383201599,
2020-09-15,0.06544572114944458,
2020-09-16,0.06649157404899597,
2020-09-17,0.06754663586616516,
2020-09-18,0.06850933283567429,
2020-09-19,0.06923995167016983,
2020-09-20,0.06969195604324341,
2020-09-21,0.06985384970903397,
2020-09-22,0.07025016099214554,
2020-09-23,0.07074826955795288,
2020-09-24,0.07130445539951324,
2020-09-25,0.07188264280557632,
2020-09-26,0.07237093895673752,
2020-09-27,0.07279609143733978,
2020-09-28,0.07311905920505524,
2020-09-29,0.07334009557962418,
2020-09-30,0.07354462891817093,
2020-10-01,0.07368773221969604,
2020-10-02,0.07379473000764847,
2020-10-03,0.07386201620101929,
2020-10-04,0.07289909571409225,
2020-10-05,0.07140394300222397,
2020-10-06,0.06946934759616852,
2020-10-07,0.0666351392865181,
2020-10-08,0.06349237263202667,
2020-10-09,0.06044984608888626,
2020-10-10,0.05772755667567253,
2020-10-11,0.05552045628428459,
2020-10-12,0.05386631563305855,
2020-10-13,0.05251739174127579,
2020-10-14,0.05129244178533554,
2020-10-15,0.0502975657582283,
2020-10-16,0.04884118586778641,
2020-10-17,0.04731810465455055,
2020-10-18,0.04585467278957367,
2020-10-19,0.044594261795282364,
2020-10-20,0.04364011064171791,
2020-10-21,0.04302327334880829,
2020-10-22,0.04199523478746414,
2020-10-23,0.040800679475069046,
2020-10-24,0.039437029510736465,
2020-10-25,0.037890464067459106,
2020-10-26,0.03640779107809067,
2020-10-27,0.03500056266784668,
2020-10-28,0.03373663127422333,
2020-10-29,0.03283017501235008,
2020-10-30,0.0320541113615036,
2020-10-31,0.03155474737286568,
2020-11-01,0.031014423817396164,
2020-11-02,0.030519600957632065,
2020-11-03,0.030084723606705666,
2020-11-04,0.02975664660334587,
2020-11-05,0.029538879171013832,
2020-11-06,0.02941601537168026,
2020-11-07,0.029494544491171837,
2020-11-08,0.029830658808350563,
2020-11-09,0.030303288251161575,
2020-11-10,0.030832884833216667,
2020-11-11,0.03135254979133606,
2020-11-12,0.03148452937602997,
2020-11-13,0.031340695917606354,
2020-11-14,0.031045537441968918,
2020-11-15,0.030672993510961533,
2020-11-16,0.030176930129528046,
2020-11-17,0.029659388586878777,
2020-11-18,0.02918158657848835,
2020-11-19,0.028756288811564445,
2020-11-20,0.02831682749092579,
2020-11-21,0.027897614985704422,
2020-11-22,0.027636021375656128,
2020-11-23,0.027525758370757103,
2020-11-24,0.02760767564177513,
2020-11-25,0.028221439570188522,
2020-11-26,0.02941860258579254,
2020-11-27,0.031413111835718155,
2020-11-28,0.03373102843761444,
2020-11-29,0.03608282282948494,
2020-11-30,0.038134124130010605,
2020-12-01,0.03985441476106644,
2020-12-02,0.04123019799590111,
2020-12-03,0.04224846139550209,
2020-12-04,0.04284520074725151,
2020-12-05,0.0432356558740139,
2020-12-06,0.04342959448695183,
2020-12-07,0.04337358847260475,
2020-12-08,0.0430525578558445,
2020-12-09,0.04272618144750595,
2020-12-10,0.04242919385433197,
2020-12-11,0.04218479245901108,
2020-12-12,0.04200384393334389,
2020-12-13,0.04190423712134361,
2020-12-14,0.041892632842063904,
2020-12-15,0.04197235405445099,
2020-12-16,0.042112622410058975,
2020-12-17,0.042304981499910355,
2020-12-18,0.0425112210214138,
2020-12-19,0.04271247982978821,
2020-12-20,0.043083492666482925,
2020-12-21,0.043528929352760315,
2020-12-22,0.04404023289680481,
2020-12-23,0.04457976669073105,
2020-12-24,0.045265138149261475,
2020-12-25,0.04575086757540703,
2020-12-26,0.04583558812737465,
2020-12-27,0.04509958624839783,
2020-12-28,0.04388842359185219,
2020-12-29,0.04262666031718254,
2020-12-30,0.04167327284812927,
2020-12-31,0.041008878499269485,
2021-01-01,0.0405401736497879,
2021-01-02,0.04025610163807869,
2021-01-03,0.04012563079595566,
2021-01-04,0.04010901227593422,
2021-01-05,0.04018187150359154,
2021-01-06,0.040301959961652756,
2021-01-07,0.040432266891002655,
2021-01-08,0.04031753912568092,
2021-01-09,0.040119703859090805,
2021-01-10,0.03986358642578125,
2021-01-11,0.039671383798122406,
2021-01-12,0.0400664322078228,
2021-01-13,0.04082104191184044,
2021-01-14,0.041808731853961945,
2021-01-15,0.042869921773672104,
2021-01-16,0.043900273740291595,
2021-01-17,0.044861096888780594,
2021-01-18,0.04574653506278992,
2021-01-19,0.04635147750377655,
2021-01-20,0.046870604157447815,
2021-01-21,0.04711192846298218,
2021-01-22,0.04752128943800926,
2021-01-23,0.04783932864665985,
2021-01-24,0.04802418127655983,
2021-01-25,0.048101507127285004,
2021-01-26,0.048104770481586456,
2021-01-27,0.048044588416814804,
2021-01-28,0.04781466722488403,
2021-01-29,0.04727907106280327,
2021-01-30,0.046566352248191833,
2021-01-31,0.045836903154850006,
2021-02-01,0.04517361894249916,
2021-02-02,0.04540430009365082,
2021-02-03,0.046091292053461075,
2021-02-04,0.04703645408153534,
2021-02-05,0.04818657785654068,
2021-02-06,0.050403445959091187,
2021-02-07,0.05322069674730301,
2021-02-08,0.05629753693938255,
2021-02-09,0.05975145101547241,
2021-02-10,0.06494205445051193,
2021-02-11,0.07087288796901703,
2021-02-12,0.0768299400806427,
2021-02-13,0.08221831172704697,
2021-02-14,0.08669152110815048,
2021-02-15,0.08990422636270523,
2021-02-16,0.09203529357910156,
2021-02-17,0.0931355282664299,
2021-02-18,0.09421560913324356,
2021-02-19,0.09516914933919907,
2021-02-20,0.10009080916643143,
2021-02-21,0.1083538830280304,
2021-02-22,0.11806341260671616,
2021-02-23,0.1279440075159073,
2021-02-24,0.13732315599918365,
2021-02-25,0.1449485421180725,
2021-02-26,0.15054138004779816,
2021-02-27,0.15394525229930878,
2021-02-28,0.1552550047636032,
2021-03-01,0.15502861142158508,
2021-03-02,0.15391427278518677,
2021-03-03,0.1522931158542633,
2021-03-04,0.1502242386341095,
2021-03-05,0.1481071412563324,
2021-03-06,0.14620308578014374,
2021-03-07,0.14455033838748932,
2021-03-08,0.14283393323421478,
2021-03-09,0.1412961184978485,
2021-03-10,0.1402452141046524,
2021-03-11,0.13956652581691742,
2021-03-12,0.13808497786521912,
2021-03-13,0.13623060286045074,
2021-03-14,0.13431304693222046,
2021-03-15,0.13260430097579956,
2021-03-16,0.13129591941833496,
2021-03-17,0.1304517686367035,
2021-03-18,0.12997661530971527,
2021-03-19,0.1299009919166565,
2021-03-20,0.1293555498123169,
2021-03-21,0.12823620438575745,
2021-03-22,0.12131045758724213,
2021-03-23,0.11043296754360199,
2021-03-24,0.0980585515499115,
2021-03-25,0.08608261495828629,
2021-03-26,0.075328528881073,
2021-03-27,0.06657454371452332,
2021-03-28,0.06057162955403328,
2021-03-29,0.056315142661333084,
2021-03-30,0.05358699709177017,
2021-03-31,0.05243455991148949,
2021-04-01,0.052305903285741806,
2021-04-02,0.05276588350534439,
2021-04-03,0.05372266098856926,
2021-04-04,0.054965484887361526,
2021-04-05,0.05645119026303291,
2021-04-06,0.058027639985084534,
2021-04-07,0.05967799201607704,
2021-04-08,0.06147007271647453,
2021-04-09,0.06242373585700989,
2021-04-10,0.06275836378335953,
2021-04-11,0.06265799701213837,
2021-04-12,0.062084976583719254,
2021-04-13,0.061597585678100586,
2021-04-14,0.06144052371382713,
2021-04-15,0.06141841039061546,
2021-04-16,0.06153295934200287,
2021-04-17,0.061923496425151825,
2021-04-18,0.06236893683671951,
2021-04-19,0.0631023421883583,
2021-04-20,0.06395278871059418,
2021-04-21,0.06529133766889572,
2021-04-22,0.06693001091480255,
2021-04-23,0.0688382163643837,
2021-04-24,0.07066574692726135,
2021-04-25,0.07223153859376907,
2021-04-26,0.07334139198064804,
2021-04-27,0.07401681691408157,
2021-04-28,0.0743303894996643,
2021-04-29,0.07437894493341446,
2021-04-30,0.07399054616689682,
2021-05-01,0.07328828424215317,
2021-05-02,0.07225745171308517,
2021-05-03,0.07111592590808868,
2021-05-04,0.06997352093458176,
2021-05-05,0.06924574822187424,
2021-05-06,0.0689014419913292,
2021-05-07,0.06875345855951309,
2021-05-08,0.0685558021068573,
2021-05-09,0.0681266188621521,
2021-05-10,0.06745472550392151,
2021-05-11,0.06676755100488663,
2021-05-12,0.06595607846975327,
2021-05-13,0.06523270159959793,
2021-05-14,0.06445646286010742,
2021-05-15,0.06382305175065994,
2021-05-16,0.06349416822195053,
2021-05-17,0.0632900819182396,
2021-05-18,0.06346490234136581,
2021-05-19,0.06369557231664658,
2021-05-20,0.0676315650343895,
2021-05-21,0.07370374351739883,
2021-05-22,0.08126333355903625,
2021-05-23,0.08908788114786148,
2021-05-24,0.09640573710203171,
2021-05-25,0.10417115688323975,
2021-05-26,0.11121802031993866,
2021-05-27,0.11703700572252274,
2021-05-28,0.12111986428499222,
2021-05-29,0.12360036373138428,
2021-05-30,0.12449804693460464,
2021-05-31,0.1241854727268219,
2021-06-01,0.12318997830152512,
2021-06-02,0.12175464630126953,
2021-06-03,0.12017640471458435,
2021-06-04,0.1185726448893547,
2021-06-05,0.11706455051898956,
2021-06-06,0.11574474722146988,
2021-06-07,0.11467480659484863,
2021-06-08,0.11393647640943527,
2021-06-09,0.11344388872385025,
2021-06-10,0.11326412856578827,
2021-06-11,0.11321773380041122,
2021-06-12,0.11302141845226288,
2021-06-13,0.11277156323194504,
2021-06-14,0.11254604905843735,
2021-06-15,0.11232198029756546,
2021-06-16,0.11215206235647202,
2021-06-17,0.11198588460683823,
2021-06-18,0.11187805980443954,
2021-06-19,0.10848459601402283,
2021-06-20,0.10309795290231705,
2021-06-21,0.09622105211019516,
2021-06-22,0.09027384966611862,
2021-06-23,0.08521085977554321,
2021-06-24,0.07985927909612656,
2021-06-25,0.07511567324399948,
2021-06-26,0.07121491432189941,
2021-06-27,0.06833380460739136,
2021-06-28,0.06628165394067764,
2021-06-29,0.06492210179567337,
2021-06-30,0.06417051702737808,
2021-07-01,0.06378200650215149,
2021-07-02,0.06374325603246689,
2021-07-03,0.06365040689706802,
2021-07-04,0.06348629295825958,
2021-07-05,0.06319486349821091,
2021-07-06,0.0628831684589386,
2021-07-07,0.06274117529392242,
2021-07-08,0.06251415610313416,
2021-07-09,0.06235452741384506,
2021-07-10,0.06215978041291237,
2021-07-11,0.061869360506534576,
2021-07-12,0.0615650899708271,
2021-07-13,0.06129314750432968,
2021-07-14,0.06094340234994888,
2021-07-15,0.06058424711227417,
2021-07-16,0.06026599183678627,
2021-07-17,0.05990254133939743,
2021-07-18,0.05953645333647728,
2021-07-19,0.05920124799013138,
2021-07-20,0.05905569717288017,
2021-07-21,0.05911973491311073,
2021-07-22,0.05793912708759308,
2021-07-23,0.056043464690446854,
2021-07-24,0.053349170833826065,
2021-07-25,0.05030416324734688,
2021-07-26,0.046970855444669724,
2021-07-27,0.04379052296280861,
2021-07-28,0.04101242870092392,
2021-07-29,0.03878696262836456,
2021-07-30,0.037113506346940994,
2021-07-31,0.036000996828079224,
2021-08-01,0.03528883680701256,
2021-08-02,0.03493421524763107,
2021-08-03,0.03482227399945259,
2021-08-04,0.034897495061159134,
2021-08-05,0.03514016047120094,
2021-08-06,0.03533002361655235,
2021-08-07,0.035468630492687225,
2021-08-08,0.035458676517009735,
2021-08-09,0.035438790917396545,
2021-08-10,0.035480353981256485,
2021-08-11,0.03564511984586716,
2021-08-12,0.03595970198512077,
2021-08-13,0.03632999211549759,
2021-08-14,0.03682815283536911,
2021-08-15,0.03737876936793327,
2021-08-16,0.03780519962310791,
2021-08-17,0.03808704763650894,
2021-08-18,0.038348499685525894,
2021-08-19,0.03821338713169098,
2021-08-20,0.03778687119483948,
2021-08-21,0.03691915422677994,
2021-08-22,0.035806264728307724,
2021-08-23,0.03467639535665512,
2021-08-24,0.03408922627568245,
2021-08-25,0.03419048339128494,
2021-08-26,0.03486019745469093,
2021-08-27,0.03603607416152954,
2021-08-28,0.037410128861665726,
2021-08-29,0.0388420931994915,
2021-08-30,0.040213268250226974,
2021-08-31,0.04152340814471245,
2021-09-01,0.04265577346086502,
2021-09-02,0.04361043870449066,
2021-09-03,0.04431126266717911,
2021-09-04,0.04474177956581116,
2021-09-05,0.044944364577531815,
2021-09-06,0.04496389627456665,
2021-09-07,0.044858500361442566,
2021-09-08,0.04578264057636261,
2021-09-09,0.047292862087488174,
2021-09-10,0.04901060834527016,
2021-09-11,0.0507010892033577,
2021-09-12,0.05218948796391487,
2021-09-13,0.053265396505594254,
2021-09-14,0.05400713160634041,
2021-09-15,0.05447818711400032,
2021-09-16,0.05476009473204613,
2021-09-17,0.054829809814691544,
2021-09-18,0.054813481867313385,
2021-09-19,0.05450959876179695,
2021-09-20,0.05392749607563019,
2021-09-21,0.05366382747888565,
2021-09-22,0.05368432030081749,
2021-09-23,0.05380910634994507,
2021-09-24,0.053921665996313095,
2021-09-25,0.05398784205317497,
2021-09-26,0.05396297201514244,
2021-09-27,0.053815197199583054,
2021-09-28,0.05360029265284538,
2021-09-29,0.05336013436317444,
2021-09-30,0.053488459438085556,
2021-10-01,0.0539490282535553,
2021-10-02,0.054745208472013474,
2021-10-03,0.055703043937683105,
2021-10-04,0.056672532111406326,
2021-10-05,0.057532504200935364,
2021-10-06,0.058278027921915054,
2021-10-07,0.05886341631412506,
2021-10-08,0.058250922709703445,
2021-10-09,0.05700708553195,
2021-10-10,0.055444639176130295,
2021-10-11,0.05379754304885864,
2021-10-12,0.05227282643318176,
2021-10-13,0.051136117428541183,
2021-10-14,0.050402987748384476,
2021-10-15,0.04998617619276047,
2021-10-16,0.04978334903717041,
2021-10-17,0.049754317849874496,
2021-10-18,0.049770671874284744,
2021-10-19,0.04984772205352783,
2021-10-20,0.04995639622211456,
2021-10-21,0.04944741725921631,
2021-10-22,0.04865169897675514,
2021-10-23,0.04742921516299248,
2021-10-24,0.04605024307966232,
2021-10-25,0.044417593628168106,
2021-10-26,0.04275665804743767,
2021-10-27,0.04123872146010399,
2021-10-28,0.040153004229068756,
2021-10-29,0.03971946984529495,
2021-10-30,0.03961854428052902,
2021-10-31,0.03971198946237564,
2021-11-01,0.03968590125441551,
2021-11-02,0.03966376930475235,
2021-11-03,0.039649106562137604,
2021-11-04,0.03963998332619667,
2021-11-05,0.039625417441129684,
2021-11-06,0.039823103696107864,
2021-11-07,0.0402103066444397,
2021-11-08,0.04053383320569992,
2021-11-09,0.04078678786754608,
2021-11-10,0.04092302918434143,
2021-11-11,0.041056301444768906,
2021-11-12,0.04102752357721329,
2021-11-13,0.04079979658126831,
2021-11-14,0.04048844426870346,
2021-11-15,0.040151190012693405,
2021-11-16,0.039860181510448456,
2021-11-17,0.039903681725263596,
2021-11-18,0.04017835482954979,
2021-11-19,0.040892910212278366,
2021-11-20,0.04210595414042473,
2021-11-21,0.0434013307094574,
2021-11-22,0.044689491391181946,
2021-11-23,0.04593536630272865,
2021-11-24,0.04710138961672783,
2021-11-25,0.04810744524002075,
2021-11-26,0.04891913756728172,
2021-11-27,0.04937763884663582,
2021-11-28,0.04927948862314224,
2021-11-29,0.04863033443689346,
2021-11-30,0.047672271728515625,
2021-12-01,0.04659329727292061,
2021-12-02,0.04544724524021149,
2021-12-03,0.04438196122646332,
2021-12-04,0.043531809002161026,
2021-12-05,0.0429815873503685,
2021-12-06,0.04240059852600098,
2021-12-07,0.04190898686647415,
2021-12-08,0.04150795564055443,
2021-12-09,0.041310276836156845,
2021-12-10,0.04138306900858879,
2021-12-11,0.041639525443315506,
2021-12-12,0.041998960077762604,
2021-12-13,0.04240575060248375,
2021-12-14,0.043030355125665665,
2021-12-15,0.04374787211418152,
2021-12-16,0.04459914565086365,
2021-12-17,0.04530709236860275,
2021-12-18,0.04584192484617233,
2021-12-19,0.04594200849533081,
2021-12-20,0.04538246616721153,
2021-12-21,0.04435990750789642,
2021-12-22,0.043094027787446976,
2021-12-23,0.041705675423145294,
2021-12-24,0.040253594517707825,
2021-12-25,0.03889688476920128,
2021-12-26,0.037666115909814835,
2021-12-27,0.03660492226481438,
2021-12-28,0.03576532378792763,
2021-12-29,0.035236917436122894,
2021-12-30,0.03501499071717262,
2021-12-31,0.035040732473134995,
2022-01-01,0.03523136302828789,
2022-01-02,0.03558137267827988,
2022-01-03,0.03595273569226265,
2022-01-04,0.0362764410674572,
2022-01-05,0.036533404141664505,
2022-01-06,0.03672603890299797,
2022-01-07,0.03685581684112549,
2022-01-08,0.03688768669962883,
2022-01-09,0.036766208708286285,
2022-01-10,0.036556534469127655,
2022-01-11,0.03629077970981598,
2022-01-12,0.03644166141748428,
2022-01-13,0.03664175420999527,
2022-01-14,0.036865513771772385,
2022-01-15,0.03696779906749725,
2022-01-16,0.036958757787942886,
2022-01-17,0.03687421977519989,
2022-01-18,0.036825913935899734,
2022-01-19,0.036809518933296204,
2022-01-20,0.03682173416018486,
2022-01-21,0.036937862634658813,
2022-01-22,0.03781620040535927,
2022-01-23,0.039196666330099106,
2022-01-24,0.04105619713664055,
2022-01-25,0.04307039454579353,
2022-01-26,0.04507359489798546,
2022-01-27,0.04680914059281349,
2022-01-28,0.048217594623565674,
2022-01-29,0.049219828099012375,
2022-01-30,0.04983369633555412,
2022-01-31,0.05012715235352516,
2022-02-01,0.05009971186518669,
2022-02-02,0.04989209771156311,
2022-02-03,0.04959912970662117,
2022-02-04,0.049284569919109344,
2022-02-05,0.04910045862197876,
2022-02-06,0.04908217862248421,
2022-02-07,0.04908520728349686,
2022-02-08,0.04908449202775955,
2022-02-09,0.049178462475538254,
2022-02-10,0.04933127015829086,
2022-02-11,0.049214474856853485,
2022-02-12,0.048858728259801865,
2022-02-13,0.048362430185079575,
2022-02-14,0.04776815325021744,
2022-02-15,0.04716789722442627,
2022-02-16,0.04682943969964981,
2022-02-17,0.04663533344864845,
2022-02-18,0.04668539762496948,
2022-02-19,0.04689057543873787,
2022-02-20,0.04710294306278229,
2022-02-21,0.046620599925518036,
2022-02-22,0.045720018446445465,
2022-02-23,0.04450502246618271,
2022-02-24,0.043174274265766144,
2022-02-25,0.041846729815006256,
2022-02-26,0.040701378136873245,
2022-02-27,0.039729632437229156,
2022-02-28,0.03902474790811539,
2022-03-01,0.038940638303756714,
2022-03-02,0.03929277881979942,
2022-03-03,0.03991708159446716,
2022-03-04,0.040660034865140915,
2022-03-05,0.04154009744524956,
2022-03-06,0.042457979172468185,
2022-03-07,0.0431189127266407,
2022-03-08,0.04349052160978317,
2022-03-09,0.043619390577077866,
2022-03-10,0.04356174170970917,
2022-03-11,0.04337034001946449,
2022-03-12,0.04305079206824303,
2022-03-13,0.042672861367464066,
2022-03-14,0.04227204620838165,
2022-03-15,0.04193972423672676,
2022-03-16,0.041683416813611984,
2022-03-17,0.04155833646655083,
2022-03-18,0.04132770001888275,
2022-03-19,0.04106337949633598,
2022-03-20,0.04063716158270836,
2022-03-21,0.04016546159982681,
2022-03-22,0.03971932455897331,
2022-03-23,0.03924613073468208,
2022-03-24,0.03856886923313141,
2022-03-25,0.03772768750786781,
2022-03-26,0.03683214634656906,
2022-03-27,0.03596017137169838,
2022-03-28,0.03516874462366104,
2022-03-29,0.0345284566283226,
2022-03-30,0.03396346792578697,
2022-03-31,0.03305512294173241,
2022-04-01,0.032016973942518234,
2022-04-02,0.03106176294386387,
2022-04-03,0.030289432033896446,
2022-04-04,0.029368657618761063,
2022-04-05,0.02840995416045189,
2022-04-06,0.02745700627565384,
2022-04-07,0.026851750910282135,
2022-04-08,0.026624372228980064,
2022-04-09,0.02673315443098545,
2022-04-10,0.026846401393413544,
2022-04-11,0.026991616934537888,
2022-04-12,0.027398381382226944,
2022-04-13,0.02801533043384552,
2022-04-14,0.028698869049549103,
2022-04-15,0.029398128390312195,
2022-04-16,0.02997615560889244,
2022-04-17,0.030409373342990875,
2022-04-18,0.030729524791240692,
2022-04-19,0.03097379393875599,
2022-04-20,0.031110340729355812,
2022-04-21,0.031159350648522377,
2022-04-22,0.031190713867545128,
2022-04-23,0.031203700229525566,
2022-04-24,0.0311984084546566,
2022-04-25,0.03117780014872551,
2022-04-26,0.031148439273238182,
2022-04-27,0.03115728311240673,
2022-04-28,0.03121098503470421,
2022-04-29,0.03138013929128647,
2022-04-30,0.031647346913814545,
2022-05-01,0.031979624181985855,
2022-05-02,0.03228800743818283,
2022-05-03,0.03253359720110893,
2022-05-04,0.03265510872006416,
2022-05-05,0.03283360227942467,
2022-05-06,0.0332072414457798,
2022-05-07,0.03352431207895279,
2022-05-08,0.033725760877132416,
2022-05-09,0.033807117491960526,
2022-05-10,0.03503364324569702,
2022-05-11,0.03716365993022919,
2022-05-12,0.040354084223508835,
2022-05-13,0.04395797476172447,
2022-05-14,0.04773439094424248,
2022-05-15,0.0512898787856102,
2022-05-16,0.054431524127721786,
2022-05-17,0.056992873549461365,
2022-05-18,0.05891576036810875,
2022-05-19,0.060232192277908325,
2022-05-20,0.06114973500370979,
2022-05-21,0.06167634204030037,
2022-05-22,0.061903536319732666,
2022-05-23,0.06190749630331993,
2022-05-24,0.06173771619796753,
2022-05-25,0.06150588393211365,
2022-05-26,0.06122450903058052,
2022-05-27,0.06097906082868576,
2022-05-28,0.06075245887041092,
2022-05-29,0.060511887073516846,
2022-05-30,0.06025951728224754,
2022-05-31,0.06008634716272354,
2022-06-01,0.0599328838288784,
2022-06-02,0.05990535020828247,
2022-06-03,0.05999407172203064,
2022-06-04,0.06006477028131485,
2022-06-05,0.06004474684596062,
2022-06-06,0.05996818095445633,
2022-06-07,0.05983284115791321,
2022-06-08,0.05966060236096382,
2022-06-09,0.058505408465862274,
2022-06-10,0.056682176887989044,
2022-06-11,0.0534130223095417,
2022-06-12,0.04973693564534187,
2022-06-13,0.045988284051418304,
2022-06-14,0.04328363761305809,
2022-06-15,0.04142424836754799,
2022-06-16,0.040400393307209015,
2022-06-17,0.040361326187849045,
2022-06-18,0.040979523211717606,
2022-06-19,0.042014073580503464,
2022-06-20,0.04360675439238548,
2022-06-21,0.04538596048951149,
2022-06-22,0.04710938036441803,
2022-06-23,0.04863586649298668,
2022-06-24,0.050018344074487686,
2022-06-25,0.05128878355026245,
2022-06-26,0.0522434338927269,
2022-06-27,0.052896685898303986,
2022-06-28,0.05324126034975052,
2022-06-29,0.053348515182733536,
2022-06-30,0.053157269954681396,
2022-07-01,0.05278247594833374,
2022-07-02,0.052210547029972076,
2022-07-03,0.05152597278356552,
2022-07-04,0.05082231014966965,
2022-07-05,0.05031263455748558,
2022-07-06,0.04998140409588814,
2022-07-07,0.049862559884786606,
2022-07-08,0.04990817606449127,
2022-07-09,0.050076425075531006,
2022-07-10,0.05030663684010506,
2022-07-11,0.050602495670318604,
2022-07-12,0.05082953721284866,
2022-07-13,0.05093016102910042,
2022-07-14,0.050267189741134644,
2022-07-15,0.04921456426382065,
2022-07-16,0.047919634729623795,
2022-07-17,0.04613038897514343,
2022-07-18,0.04417979344725609,
2022-07-19,0.04202195256948471,
2022-07-20,0.03962932899594307,
2022-07-21,0.03743727132678032,
2022-07-22,0.0356171578168869,
2022-07-23,0.03414859250187874,
2022-07-24,0.0329180546104908,
2022-07-25,0.03187011554837227,
2022-07-26,0.031309012323617935,
2022-07-27,0.03110913373529911,
2022-07-28,0.03152068704366684,
2022-07-29,0.03230041638016701,
2022-07-30,0.03330802917480469,
2022-07-31,0.03442796692252159,
2022-08-01,0.0355241596698761,
2022-08-02,0.03649458289146423,
2022-08-03,0.03726349398493767,
2022-08-04,0.0378219299018383,
2022-08-05,0.03822421655058861,
2022-08-06,0.03845588117837906,
2022-08-07,0.038552142679691315,
2022-08-08,0.03854864463210106,
2022-08-09,0.038476016372442245,
2022-08-10,0.03826341778039932,
2022-08-11,0.03785206750035286,
2022-08-12,0.03731010481715202,
2022-08-13,0.036674655973911285,
2022-08-14,0.03601594269275665,
2022-08-15,0.03545583784580231,
2022-08-16,0.03495369106531143,
2022-08-17,0.03454083949327469,
2022-08-18,0.034115422517061234,
2022-08-19,0.03377481549978256,
2022-08-20,0.033656612038612366,
2022-08-21,0.03367665782570839,
2022-08-22,0.033973924815654755,
2022-08-23,0.03442810848355293,
2022-08-24,0.03495325148105621,
2022-08-25,0.03521137312054634,
2022-08-26,0.03526625409722328,
2022-08-27,0.035136353224515915,
2022-08-28,0.034879170358181,
2022-08-29,0.03435216471552849,
2022-08-30,0.033744927495718,
2022-08-31,0.033146027475595474,
2022-09-01,0.03261343389749527,
2022-09-02,0.032177530229091644,
2022-09-03,0.03169165179133415,
2022-09-04,0.031097138300538063,
2022-09-05,0.030466115102171898,
2022-09-06,0.029868219047784805,
2022-09-07,0.029427912086248398,
2022-09-08,0.029385140165686607,
2022-09-09,0.029632681980729103,
2022-09-10,0.03018316812813282,
2022-09-11,0.03089991584420204,
2022-09-12,0.03165561333298683,
2022-09-13,0.032363951206207275,
2022-09-14,0.03311118111014366,
2022-09-15,0.033818863332271576,
2022-09-16,0.0344679094851017,
2022-09-17,0.03499726951122284,
2022-09-18,0.03537772223353386,
2022-09-19,0.03552091121673584,
2022-09-20,0.03550378233194351,
2022-09-21,0.035146865993738174,
2022-09-22,0.03459203243255615,
2022-09-23,0.034058794379234314,
2022-09-24,0.033594485372304916,
2022-09-25,0.0331956222653389,
2022-09-26,0.032550640404224396,
2022-09-27,0.03179667517542839,
2022-09-28,0.031047550961375237,
2022-09-29,0.030360912904143333,
2022-09-30,0.029768163338303566,
2022-10-01,0.02929181046783924,
2022-10-02,0.028941716998815536,
2022-10-03,0.02871500886976719,
2022-10-04,0.02859942801296711,
2022-10-05,0.02862785942852497,
2022-10-06,0.028754249215126038,
2022-10-07,0.02879914827644825,
2022-10-08,0.0285657849162817,
2022-10-09,0.02820262312889099,
2022-10-10,0.02763458900153637,
2022-10-11,0.026998290792107582,
2022-10-12,0.02637520805001259,
2022-10-13,0.025820313021540642,
2022-10-14,0.025132663547992706,
2022-10-15,0.024417681619524956,
2022-10-16,0.023664139211177826,
2022-10-17,0.022947242483496666,
2022-10-18,0.022311288863420486,
2022-10-19,0.02159290947020054,
2022-10-20,0.020848700776696205,
2022-10-21,0.020142488181591034,
2022-10-22,0.019499313086271286,
2022-10-23,0.018795059993863106,
2022-10-24,0.018154427409172058,
2022-10-25,0.017730778083205223,
2022-10-26,0.017605070024728775,
2022-10-27,0.017631758004426956,
2022-10-28,0.01776140183210373,
2022-10-29,0.017969226464629173,
2022-10-30,0.018231621012091637,
2022-10-31,0.01856295019388199,
2022-11-01,0.01917244866490364,
2022-11-02,0.01983216032385826,
2022-11-03,0.020492637529969215,
2022-11-04,0.021084344014525414,
2022-11-05,0.021901728585362434,
2022-11-06,0.022805599495768547,
2022-11-07,0.023749342188239098,
2022-11-08,0.024569189175963402,
2022-11-09,0.025314541533589363,
2022-11-10,0.02802584134042263,
2022-11-11,0.03248031437397003,
2022-11-12,0.03789874166250229,
2022-11-13,0.04334840923547745,
2022-11-14,0.048383329063653946,
2022-11-15,0.05258350074291229,
2022-11-16,0.05580775812268257,
2022-11-17,0.05801142007112503,
2022-11-18,0.059270989149808884,
2022-11-19,0.05974473059177399,
2022-11-20,0.05960649996995926,
2022-11-21,0.05907350406050682,
2022-11-22,0.05835400149226189,
2022-11-23,0.05761885643005371,
2022-11-24,0.057326819747686386,
2022-11-25,0.0573015958070755,
2022-11-26,0.05744021013379097,
2022-11-27,0.05769341439008713,
2022-11-28,0.05795079469680786,
2022-11-29,0.05822991952300072,
2022-11-30,0.05845390632748604,
2022-12-01,0.05856875702738762,
2022-12-02,0.058617282658815384,
2022-12-03,0.058609649538993835,
2022-12-04,0.05852920562028885,
2022-12-05,0.058208219707012177,
2022-12-06,0.05776428431272507,
2022-12-07,0.057265505194664,
2022-12-08,0.056790102273225784,
2022-12-09,0.05638270080089569,
2022-12-10,0.05445703864097595,
2022-12-11,0.050945818424224854,
2022-12-12,0.046653829514980316,
2022-12-13,0.04229123890399933,
2022-12-14,0.03831520676612854,
2022-12-15,0.03500382602214813,
2022-12-16,0.032449692487716675,
2022-12-17,0.03127604350447655,
2022-12-18,0.03129841014742851,
2022-12-19,0.03219548240303993,
2022-12-20,0.03369408845901489,
2022-12-21,0.03550038859248161,
2022-12-22,0.037322890013456345,
2022-12-23,0.0389065146446228,
2022-12-24,0.03952924907207489,
2022-12-25,0.03943191468715668,
2022-12-26,0.03885010629892349,
2022-12-27,0.03790898993611336,
2022-12-28,0.036835797131061554,
2022-12-29,0.03564884886145592,
2022-12-30,0.034534141421318054,
2022-12-31,0.033548224717378616,
2023-01-01,0.03271665424108505,
2023-01-02,0.03204476088285446,
2023-01-03,0.03155621886253357,
2023-01-04,0.03124496340751648,
2023-01-05,0.03125524893403053,
2023-01-06,0.031485188752412796,
2023-01-07,0.031846024096012115,
2023-01-08,0.03223435953259468,
2023-01-09,0.03276629373431206,
2023-01-10,0.03333905339241028,
2023-01-11,0.03388943523168564,
2023-01-12,0.03436804190278053,
2023-01-13,0.0347411185503006,
2023-01-14,0.035009779036045074,
2023-01-15,0.03514711931347847,
2023-01-16,0.03431384265422821,
2023-01-17,0.032808683812618256,
2023-01-18,0.030924340710043907,
2023-01-19,0.028967881575226784,
2023-01-20,0.02706059254705906,
2023-01-21,0.02536012791097164,
2023-01-22,0.02400771901011467,
2023-01-23,0.023028235882520676,
2023-01-24,0.022350963205099106,
2023-01-25,0.021974241361021996,
2023-01-26,0.021872503682971,
2023-01-27,0.02198760025203228,
2023-01-28,0.022223226726055145,
2023-01-29,0.0225350484251976,
2023-01-30,0.022924331948161125,
2023-01-31,0.02345648594200611,
2023-02-01,0.02403119206428528,
2023-02-02,0.024590233340859413,
2023-02-03,0.0250934399664402,
2023-02-04,0.02539982832968235,
2023-02-05,0.025527914986014366,
2023-02-06,0.02553609013557434,
2023-02-07,0.025490080937743187,
2023-02-08,0.025301890447735786,
2023-02-09,0.025056295096874237,
2023-02-10,0.025180455297231674,
2023-02-11,0.025515127927064896,
2023-02-12,0.025967450812458992,
2023-02-13,0.02644110657274723,
2023-02-14,0.02703436091542244,
2023-02-15,0.027666067704558372,
2023-02-16,0.028528163209557533,
2023-02-17,0.029569344595074654,
2023-02-18,0.0305606871843338,
2023-02-19,0.03139450401067734,
2023-02-20,0.03199302777647972,
2023-02-21,0.032350894063711166,
2023-02-22,0.032511696219444275,
2023-02-23,0.032517965883016586,
2023-02-24,0.03241072595119476,
2023-02-25,0.032232966274023056,
2023-02-26,0.03201853111386299,
2023-02-27,0.03181929141283035,
2023-02-28,0.03165561705827713,
2023-03-01,0.03145591914653778,
2023-03-02,0.031186822801828384,
2023-03-03,0.030879763886332512,
2023-03-04,0.03061043471097946,
2023-03-05,0.030362846329808235,
2023-03-06,0.030093420296907425,
2023-03-07,0.029832681640982628,
2023-03-08,0.0296055618673563,
2023-03-09,0.029422177001833916,
2023-03-10,0.029279369860887527,
2023-03-11,0.02917306497693062,
2023-03-12,0.028811579570174217,
2023-03-13,0.02844478376209736,
2023-03-14,0.02836296707391739,
2023-03-15,0.028486719354987144,
2023-03-16,0.02850535325706005,
2023-03-17,0.028748653829097748,
2023-03-18,0.02889065444469452,
2023-03-19,0.028873609378933907,
2023-03-20,0.028719179332256317,
2023-03-21,0.028492189943790436,
2023-03-22,0.028219137340784073,
2023-03-23,0.0280536487698555,
2023-03-24,0.02800154872238636,
2023-03-25,0.028071610257029533,
2023-03-26,0.028206296265125275,
2023-03-27,0.02835630439221859,
2023-03-28,0.028710156679153442,
2023-03-29,0.02915026806294918,
2023-03-30,0.0295980516821146,
2023-03-31,0.030004307627677917,
2023-04-01,0.030342789366841316,
2023-04-02,0.030597228556871414,
2023-04-03,0.030695799738168716,
2023-04-04,0.030700352042913437,
2023-04-05,0.03064017929136753,
2023-04-06,0.030541762709617615,
2023-04-07,0.030429590493440628,
2023-04-08,0.030314574018120766,
2023-04-09,0.030121678486466408,
2023-04-10,0.029891757294535637,
2023-04-11,0.02967212349176407,
2023-04-12,0.029389971867203712,
2023-04-13,0.028836345300078392,
2023-04-14,0.02817082405090332,
2023-04-15,0.02749568782746792,
2023-04-16,0.026495395228266716,
2023-04-17,0.025463834404945374,
2023-04-18,0.02450992725789547,
2023-04-19,0.023681851103901863,
2023-04-20,0.023279596120119095,
2023-04-21,0.02322513982653618,
2023-04-22,0.023321766406297684,
2023-04-23,0.023544088006019592,
2023-04-24,0.02379312552511692,
2023-04-25,0.024038219824433327,
2023-04-26,0.024264751002192497,
2023-04-27,0.02423519641160965,
2023-04-28,0.02402898296713829,
2023-04-29,0.023759106174111366,
2023-04-30,0.023472215980291367,
2023-05-01,0.023366568610072136,
2023-05-02,0.02345794253051281,
2023-05-03,0.023715782910585403,
2023-05-04,0.02405102364718914,
2023-05-05,0.024412188678979874,
2023-05-06,0.024757137522101402,
2023-05-07,0.02507028914988041,
2023-05-08,0.025331083685159683,
2023-05-09,0.025576282292604446,
2023-05-10,0.02578119933605194,
2023-05-11,0.02592352032661438,
2023-05-12,0.026028435677289963,
2023-05-13,0.026094065979123116,
2023-05-14,0.02610027603805065,
2023-05-15,0.02605099231004715,
2023-05-16,0.025960607454180717,
2023-05-17,0.025680813938379288,
2023-05-18,0.025272276252508163,
2023-05-19,0.02480691485106945,
2023-05-20,0.02403155155479908,
2023-05-21,0.02309696562588215,
2023-05-22,0.022134320810437202,
2023-05-23,0.021140847355127335,
2023-05-24,0.020281482487916946,
2023-05-25,0.019612133502960205,
2023-05-26,0.019076736643910408,
2023-05-27,0.01865830458700657,
2023-05-28,0.018355609849095345,
2023-05-29,0.018177974969148636,
2023-05-30,0.01811431348323822,
2023-05-31,0.01798141561448574,
2023-06-01,0.017743241041898727,
2023-06-02,0.01742793433368206,
2023-06-03,0.01706605963408947,
2023-06-04,0.016718585044145584,
2023-06-05,0.016434498131275177,
2023-06-06,0.0167158804833889,
2023-06-07,0.01746123656630516,
2023-06-08,0.01863124966621399,
2023-06-09,0.02059175819158554,
2023-06-10,0.02280869148671627,
2023-06-11,0.025349250063300133,
2023-06-12,0.02781839855015278,
2023-06-13,0.02995661273598671,
2023-06-14,0.03187399357557297,
2023-06-15,0.033495280891656876,
2023-06-16,0.03476068750023842,
2023-06-17,0.035662561655044556,
2023-06-18,0.03627452999353409,
2023-06-19,0.036628708243370056,
2023-06-20,0.03675360605120659,
2023-06-21,0.03674117848277092,
2023-06-22,0.03662780299782753,
2023-06-23,0.03645309433341026,
2023-06-24,0.0362667590379715,
2023-06-25,0.03612164407968521,
2023-06-26,0.036017581820487976,
2023-06-27,0.035941559821367264,
2023-06-28,0.035851072520017624,
2023-06-29,0.035776372998952866,
2023-06-30,0.03573988005518913,
2023-07-01,0.03580465540289879,
2023-07-02,0.0360037125647068,
2023-07-03,0.03626440837979317,
2023-07-04,0.03654421120882034,
2023-07-05,0.03681331127882004,
2023-07-06,0.036596834659576416,
2023-07-07,0.036082923412323,
2023-07-08,0.035073377192020416,
2023-07-09,0.03382021188735962,
2023-07-10,0.032510675489902496,
2023-07-11,0.030946189537644386,
2023-07-12,0.029359476640820503,
2023-07-13,0.02790490724146366,
2023-07-14,0.026642849668860435,
2023-07-15,0.025663498789072037,
2023-07-16,0.02497355453670025,
2023-07-17,0.024627508595585823,
2023-07-18,0.024520456790924072,
2023-07-19,0.02460942044854164,
2023-07-20,0.02482762560248375,
2023-07-21,0.02509228326380253,
2023-07-22,0.02536540850996971,
2023-07-23,0.02554565854370594,
2023-07-24,0.02563117817044258,
2023-07-25,0.02558029256761074,
2023-07-26,0.025436969473958015,
2023-07-27,0.02523622289299965,
2023-07-28,0.025017106905579567,
2023-07-29,0.024735931307077408,
2023-07-30,0.024426111951470375,
2023-07-31,0.024054616689682007,
2023-08-01,0.023596059530973434,
2023-08-02,0.023176299408078194,
2023-08-03,0.022887585684657097,
2023-08-04,0.022699061781167984,
2023-08-05,0.022588202729821205,
2023-08-06,0.02246401645243168,
2023-08-07,0.02233172580599785,
2023-08-08,0.022202303633093834,
2023-08-09,0.022091740742325783,
2023-08-10,0.021806512027978897,
2023-08-11,0.02141796052455902,
2023-08-12,0.020985260605812073,
2023-08-13,0.020284505560994148,
2023-08-14,0.019341621547937393,
2023-08-15,0.018294626846909523,
2023-08-16,0.017397912219166756,
2023-08-17,0.0168643556535244,
2023-08-18,0.016573689877986908,
2023-08-19,0.01647348515689373,
2023-08-20,0.016513511538505554,
2023-08-21,0.016760583966970444,
2023-08-22,0.01711711473762989,
2023-08-23,0.017496177926659584,
2023-08-24,0.017887752503156662,
2023-08-25,0.018276304006576538,
2023-08-26,0.01862305775284767,
2023-08-27,0.0189806055277586,
2023-08-28,0.01935357041656971,
2023-08-29,0.019626375287771225,
2023-08-30,0.019943842664361,
2023-08-31,0.020278284326195717,
2023-09-01,0.02059251070022583,
2023-09-02,0.020820293575525284,
2023-09-03,0.020968681201338768,
2023-09-04,0.02104589343070984,
2023-09-05,0.021063074469566345,
2023-09-06,0.021034695208072662,
2023-09-07,0.02098086290061474,
2023-09-08,0.020898981019854546,
2023-09-09,0.020811161026358604,
2023-09-10,0.020720651373267174,
2023-09-11,0.02063785493373871,
2023-09-12,0.02062317170202732,
2023-09-13,0.02072273939847946,
2023-09-14,0.020902449265122414,
2023-09-15,0.02111341804265976,
2023-09-16,0.02131110616028309,
2023-09-17,0.021176772192120552,
2023-09-18,0.02081567980349064,
2023-09-19,0.02032725140452385,
2023-09-20,0.01979832723736763,
2023-09-21,0.019225768744945526,
2023-09-22,0.01870509795844555,
2023-09-23,0.018193915486335754,
2023-09-24,0.01786516234278679,
2023-09-25,0.017638057470321655,
2023-09-26,0.017465179786086082,
2023-09-27,0.01735743135213852,
2023-09-28,0.01730509102344513,
2023-09-29,0.017199600115418434,
2023-09-30,0.017056642100214958,
2023-10-01,0.016809197142720222,
2023-10-02,0.01651705428957939,
2023-10-03,0.016246343031525612,
2023-10-04,0.01604347676038742,
2023-10-05,0.015895754098892212,
2023-10-06,0.01579420268535614,
2023-10-07,0.015744565054774284,
2023-10-08,0.015743695199489594,
2023-10-09,0.015790292993187904,
2023-10-10,0.015912363305687904,
2023-10-11,0.016088776290416718,
2023-10-12,0.016216522082686424,
2023-10-13,,0.016245022416114807
2023-10-14,,0.01619759202003479
2023-10-15,,0.016104990616440773
2023-10-16,,0.016006991267204285
2023-10-17,,0.015972228720784187
2023-10-18,,0.015996921807527542
2023-10-19,,0.016062023118138313
2023-10-20,,0.016145944595336914
2023-10-21,,0.016224227845668793
2023-10-22,,0.01627156138420105
2023-10-23,,0.016314299777150154
2023-10-24,,0.016514623537659645
2023-10-25,,0.016814010217785835
2023-10-26,,0.0171668641269207
2023-10-27,,0.017516354098916054
2023-10-28,,0.017825057730078697
2023-10-29,,0.018058819696307182
2023-10-30,,0.018226828426122665
2023-10-31,,0.018333734944462776
2023-11-01,,0.018381208181381226
2023-11-02,,0.01836453564465046
2023-11-03,,0.018313368782401085
2023-11-04,,0.018246473744511604
2023-11-05,,0.018202856183052063
2023-11-06,,0.018212229013442993
2023-11-07,,0.01833096519112587
2023-11-08,,0.018596218898892403
2023-11-09,,0.019023314118385315
2023-11-10,,0.019433440640568733
2023-11-11,,0.019777365028858185
2023-11-12,,0.020029911771416664
2023-11-13,,0.02023557387292385
2023-11-14,,0.02047526277601719
2023-11-15,,0.020710840821266174
2023-11-16,,0.021031711250543594
2023-11-17,,0.021541280671954155
2023-11-18,,0.02214478887617588
2023-11-19,,0.022776585072278976
2023-11-20,,0.02335573546588421
2023-11-21,,0.023883985355496407
2023-11-22,,0.025182638317346573
2023-11-23,,0.026893844828009605
2023-11-24,,0.028701895847916603
2023-11-25,,0.030406488105654716
2023-11-26,,0.03188886493444443
2023-11-27,,0.03308093920350075
2023-11-28,,0.03397974371910095
2023-11-29,,0.03459137678146362
2023-11-30,,0.03494923934340477
2023-12-01,,0.03509216755628586
2023-12-02,,0.035069212317466736
2023-12-03,,0.03491613268852234
2023-12-04,,0.03468500077724457
2023-12-05,,0.03439782187342644
2023-12-06,,0.03404847905039787
2023-12-07,,0.033573295921087265
2023-12-08,,0.033017612993717194
2023-12-09,,0.0325007289648056
2023-12-10,,0.03203495964407921
2023-12-11,,0.03165356069803238
2023-12-12,,0.031413134187459946
2023-12-13,,0.03133760020136833
2023-12-14,,0.03134563937783241
2023-12-15,,0.031412478536367416
2023-12-16,,0.03145784139633179
2023-12-17,,0.031367216259241104
2023-12-18,,0.031215302646160126
2023-12-19,,0.031040670350193977
2023-12-20,,0.030989326536655426
2023-12-21,,0.031032558530569077
2023-12-22,,0.03029581718146801
2023-12-23,,0.028994806110858917
2023-12-24,,0.027410143986344337
2023-12-25,,0.02584870159626007
2023-12-26,,0.02445215918123722
2023-12-27,,0.023999257013201714
2023-12-28,,0.024509413167834282
2023-12-29,,0.025661537423729897
2023-12-30,,0.027228444814682007
2023-12-31,,0.028936732560396194
2024-01-01,,0.030618304386734962
2024-01-02,,0.0321226492524147
2024-01-03,,0.03336668014526367
2024-01-04,,0.03430662676692009
2024-01-05,,0.03493407368659973
2024-01-06,,0.03531832993030548
2024-01-07,,0.035587139427661896
2024-01-08,,0.035767167806625366
2024-01-09,,0.03586041182279587
2024-01-10,,0.03590288385748863
2024-01-11,,0.03588297963142395
2024-01-12,,0.03577809035778046
2024-01-13,,0.03572886064648628
2024-01-14,,0.03572767227888107
2024-01-15,,0.03568556159734726
2024-01-16,,0.03575443476438522
2024-01-17,,0.03585709258913994
2024-01-18,,0.03601320832967758
2024-01-19,,0.03611567243933678
2024-01-20,,0.036146510392427444
2024-01-21,,0.036068689078092575
2024-01-22,,0.03591245040297508
2024-01-23,,0.03582463040947914
2024-01-24,,0.03578649088740349
2024-01-25,,0.03581026941537857
2024-01-26,,0.03521287441253662
2024-01-27,,0.03385132551193237
2024-01-28,,0.03209080174565315
2024-01-29,,0.0301635954529047
2024-01-30,,0.02833227999508381
2024-01-31,,0.026731250807642937
2024-02-01,,0.025471705943346024
2024-02-02,,0.024561766535043716
2024-02-03,,0.023960156366229057
2024-02-04,,0.02358558215200901
2024-02-05,,0.023396190255880356
2024-02-06,,0.023293444886803627
2024-02-07,,0.023254748433828354
2024-02-08,,0.023283125832676888
2024-02-09,,0.023436909541487694
2024-02-10,,0.023672359064221382
2024-02-11,,0.02394046261906624
2024-02-12,,0.024077193811535835
2024-02-13,,0.02412031590938568
2024-02-14,,0.024094348773360252
2024-02-15,,0.023795945569872856
2024-02-16,,0.02359471283853054
2024-02-17,,0.023449162021279335
2024-02-18,,0.02340976521372795
2024-02-19,,0.023461690172553062
2024-02-20,,0.023572389036417007
2024-02-21,,0.023714642971754074
2024-02-22,,0.023963268846273422
2024-02-23,,0.024194607511162758
2024-02-24,,0.024390194565057755
2024-02-25,,0.02454652264714241
2024-02-26,,0.024611297994852066
2024-02-27,,0.02464575134217739
2024-02-28,,0.02469744347035885
2024-02-29,,0.02487984299659729
2024-03-01,,0.02527567557990551
2024-03-02,,0.025718824937939644
2024-03-03,,0.026135845109820366
2024-03-04,,0.026499034836888313
2024-03-05,,0.026773875579237938
2024-03-06,,0.027275195345282555
2024-03-07,,0.02817380055785179
2024-03-08,,0.029682710766792297
2024-03-09,,0.031492095440626144
2024-03-10,,0.033328741788864136
2024-03-11,,0.03520599380135536
2024-03-12,,0.03695670887827873
2024-03-13,,0.038399167358875275
2024-03-14,,0.040291812270879745
2024-03-15,,0.04242432862520218
2024-03-16,,0.04458092898130417
2024-03-17,,0.04692042991518974
2024-03-18,,0.04917436093091965
2024-03-19,,0.05115590617060661
2024-03-20,,0.05308622866868973
2024-03-21,,0.05497608706355095
2024-03-22,,0.0566459484398365
2024-03-23,,0.05790214613080025
2024-03-24,,0.05873703956604004
2024-03-25,,0.059154339134693146
2024-03-26,,0.0592382475733757
2024-03-27,,0.05909186974167824
2024-03-28,,0.058788955211639404
2024-03-29,,0.058368977159261703
2024-03-30,,0.05789409205317497
2024-03-31,,0.057362888008356094
2024-04-01,,0.056842148303985596
2024-04-02,,0.05650626868009567
2024-04-03,,0.056423369795084
2024-04-04,,0.05652143433690071
2024-04-05,,0.056589704006910324
2024-04-06,,0.056478023529052734
2024-04-07,,0.05595045164227486
2024-04-08,,0.05519351363182068
2024-04-09,,0.05435606464743614
2024-04-10,,0.05336284264922142
2024-04-11,,0.052436113357543945
2024-04-12,,0.05163581669330597
2024-04-13,,0.05003044754266739
2024-04-14,,0.04821249842643738
2024-04-15,,0.04634914547204971
2024-04-16,,0.04431305080652237
2024-04-17,,0.04240644350647926
2024-04-18,,0.040747981518507004
2024-04-19,,0.039093103259801865
2024-04-20,,0.03717699646949768
2024-04-21,,0.03532351553440094
2024-04-22,,0.033650610595941544
2024-04-23,,0.032394278794527054
2024-04-24,,0.0315275564789772
2024-04-25,,0.03096248209476471
2024-04-26,,0.030634718015789986
2024-04-27,,0.030552217736840248
2024-04-28,,0.03065543808043003
2024-04-29,,0.030745776370167732
2024-04-30,,0.030811436474323273
2024-05-01,,0.030883202329277992
2024-05-02,,0.0308519434183836
2024-05-03,,0.030626501888036728
2024-05-04,,0.030397286638617516
2024-05-05,,0.030091438442468643
2024-05-06,,0.029762810096144676
2024-05-07,,0.02944786101579666
2024-05-08,,0.029190992936491966
2024-05-09,,0.029019463807344437
2024-05-10,,0.028929635882377625
2024-05-11,,0.028763217851519585
2024-05-12,,0.028565354645252228
2024-05-13,,0.028367850929498672
2024-05-14,,0.02777705527842045
2024-05-15,,0.027084676548838615
2024-05-16,,0.026389066129922867
2024-05-17,,0.02573142945766449
2024-05-18,,0.02518285997211933
2024-05-19,,0.024697143584489822
2024-05-20,,0.02431146614253521
2024-05-21,,0.02409968711435795
2024-05-22,,0.02407159097492695
2024-05-23,,0.02404703199863434
2024-05-24,,0.02408132702112198
2024-05-25,,0.02415439300239086
2024-05-26,,0.02424091473221779
2024-05-27,,0.024275077506899834
2024-05-28,,0.02427196316421032
2024-05-29,,0.024243369698524475
2024-05-30,,0.02419576421380043
2024-05-31,,0.024089885875582695
2024-06-01,,0.023875772953033447
2024-06-02,,0.02361440844833851
2024-06-03,,0.023168068379163742
2024-06-04,,0.02275092899799347
2024-06-05,,0.022953059524297714
2024-06-06,,0.023585274815559387
2024-06-07,,0.0244305282831192
2024-06-08,,0.025469215586781502
2024-06-09,,0.026539800688624382
2024-06-10,,0.027507513761520386
2024-06-11,,0.02868945337831974
2024-06-12,,0.02999298647046089
2024-06-13,,0.03130556270480156
2024-06-14,,0.03244848921895027
2024-06-15,,0.03333168104290962
2024-06-16,,0.03391849622130394
2024-06-17,,0.03422137349843979
2024-06-18,,0.03430493548512459
2024-06-19,,0.03426231071352959
2024-06-20,,0.03403812646865845
2024-06-21,,0.033675532788038254
2024-06-22,,0.033250536769628525
2024-06-23,,0.032784171402454376
2024-06-24,,0.032360486686229706
2024-06-25,,0.03201616182923317
2024-06-26,,0.03178105875849724
2024-06-27,,0.03164200484752655
2024-06-28,,0.0315958634018898
2024-06-29,,0.031644824892282486
2024-06-30,,0.03175752982497215
2024-07-01,,0.03193460404872894
2024-07-02,,0.03213084861636162
2024-07-03,,0.0323261059820652
2024-07-04,,0.03248101845383644
2024-07-05,,0.032328493893146515
2024-07-06,,0.031962014734745026
2024-07-07,,0.03172178193926811
2024-07-08,,0.03176335617899895
2024-07-09,,0.032132137566804886
2024-07-10,,0.03271772339940071
2024-07-11,,0.03316805511713028
2024-07-12,,0.03343409672379494
2024-07-13,,0.03351185843348503
2024-07-14,,0.03340716287493706
2024-07-15,,0.03322271257638931
2024-07-16,,0.03330929949879646
2024-07-17,,0.03358716517686844
2024-07-18,,0.033977117389440536
2024-07-19,,0.03437678515911102
2024-07-20,,0.03480606898665428
2024-07-21,,0.035192735493183136
2024-07-22,,0.03552091121673584
2024-07-23,,0.03580363467335701
2024-07-24,,0.035994380712509155
2024-07-25,,0.03610210120677948
2024-07-26,,0.0361269973218441
2024-07-27,,0.036103472113609314
2024-07-28,,0.03603700175881386
2024-07-29,,0.03591281548142433
2024-07-30,,0.0357745960354805
2024-07-31,,0.0356394462287426
2024-08-01,,0.03553500026464462
2024-08-02,,0.035460226237773895
2024-08-03,,0.035502735525369644
2024-08-04,,0.03532145172357559
2024-08-05,,0.03516509383916855
2024-08-06,,0.035069432109594345
2024-08-07,,0.03486284241080284
2024-08-08,,0.03452686965465546
2024-08-09,,0.03453611209988594
2024-08-10,,0.03478654846549034
2024-08-11,,0.03521860018372536
2024-08-12,,0.03578764200210571
2024-08-13,,0.03644130378961563
2024-08-14,,0.03705524280667305
2024-08-15,,0.03729856014251709
2024-08-16,,0.03726797550916672
2024-08-17,,0.0370449461042881
2024-08-18,,0.03679795563220978
2024-08-19,,0.03649222105741501
2024-08-20,,0.03633164241909981
2024-08-21,,0.0362902469933033
2024-08-22,,0.036310866475105286
2024-08-23,,0.036394406110048294
2024-08-24,,0.03651295229792595
2024-08-25,,0.03665986284613609
2024-08-26,,0.03679945319890976
2024-08-27,,0.037009961903095245
2024-08-28,,0.03727893531322479
2024-08-29,,0.03755631670355797
2024-08-30,,0.0377839058637619
2024-08-31,,0.037941448390483856
2024-09-01,,0.03803513944149017
2024-09-02,,0.03799121081829071
2024-09-03,,0.037871699780225754
2024-09-04,,0.037514828145504
2024-09-05,,0.03680296242237091
2024-09-06,,0.03580391779541969
2024-09-07,,0.03475470468401909
2024-09-08,,0.03329991176724434
2024-09-09,,0.03171957656741142
2024-09-10,,0.030189938843250275
2024-09-11,,0.028759168460965157
2024-09-12,,0.02751457691192627
2024-09-13,,0.026553019881248474
2024-09-14,,0.0259122084826231
2024-09-15,,0.025547506287693977
2024-09-16,,0.02540864422917366
2024-09-17,,0.025421151891350746
2024-09-18,,0.025548569858074188
2024-09-19,,0.025594541803002357
2024-09-20,,0.025574030354619026
2024-09-21,,0.02551303058862686
2024-09-22,,0.025484956800937653
2024-09-23,,0.025470485910773277
2024-09-24,,0.025493403896689415
2024-09-25,,0.02553117275238037
2024-09-26,,0.025497140362858772
2024-09-27,,0.025360316038131714
2024-09-28,,0.02518102154135704
2024-09-29,,0.02500401809811592
2024-09-30,,0.024852635338902473
2024-10-01,,0.024930888786911964
2024-10-02,,0.025144662708044052
2024-10-03,,0.025394443422555923
2024-10-04,,0.025630639865994453
2024-10-05,,0.0258191991597414
2024-10-06,,0.025947198271751404
2024-10-07,,0.025933898985385895
2024-10-08,,0.02584591507911682
2024-10-09,,0.02573331445455551
2024-10-10,,0.02559765614569187
2024-10-11,,0.025478418916463852
2024-10-12,,0.025363463908433914
2024-10-13,,0.02521931566298008
2024-10-14,,0.025037523359060287
2024-10-15,,0.02489916794002056
2024-10-16,,0.024808811023831367
2024-10-17,,0.024640483781695366
2024-10-18,,0.02442586049437523
2024-10-19,,0.024172937497496605
2024-10-20,,0.023906618356704712
2024-10-21,,0.02366364561021328
2024-10-22,,0.023376094177365303
2024-10-23,,0.023090913891792297
2024-10-24,,0.022794881835579872
2024-10-25,,0.02255295217037201
2024-10-26,,0.022382868453860283
2024-10-27,,0.022275617346167564
2024-10-28,,0.022199833765625954
2024-10-29,,0.022179532796144485
2024-10-30,,0.022199325263500214
2024-10-31,,0.022039802744984627
2024-11-01,,0.02176329866051674
2024-11-02,,0.021426282823085785
2024-11-03,,0.02109861560165882
2024-11-04,,0.020799100399017334
2024-11-05,,0.020537545904517174
2024-11-06,,0.020351281389594078
2024-11-07,,0.02041603811085224
2024-11-08,,0.020603124052286148
2024-11-09,,0.020830290392041206
2024-11-10,,0.021175116300582886
2024-11-11,,0.02155749686062336
2024-11-12,,0.022120216861367226
2024-11-13,,0.02299903705716133
2024-11-14,,0.02397681027650833
2024-11-15,,0.02493356540799141
2024-11-16,,0.0257859043776989
2024-11-17,,0.02646835520863533
2024-11-18,,0.02694159932434559
2024-11-19,,0.02724253572523594
2024-11-20,,0.027390427887439728
2024-11-21,,0.02742980234324932
2024-11-22,,0.02742924354970455
2024-11-23,,0.027386974543333054
2024-11-24,,0.027339616790413857
2024-11-25,,0.02719877101480961
2024-11-26,,0.02710900455713272
2024-11-27,,0.0271596796810627
